,VIX,AAA_Spread,BAA_Spread,High_Yield_Spread
VIX,1.0,0.27020758167650427,0.3789693754768375,0.4755327337876142
AAA_Spread,0.27020758167650427,1.0,0.9073356837744461,0.7548271410415003
BAA_Spread,0.3789693754768375,0.9073356837744461,1.0,0.9297959930417051
High_Yield_Spread,0.4755327337876142,0.7548271410415003,0.9297959930417051,1.0
